{"cameraMode":{"drawMode":0,"name":"Shaded","section":"Shading Mode"},"sceneLighting":false,"audioPlay":false,"sceneViewState":{"m_AlwaysRefresh":false,"showFog":true,"showSkybox":false,"showFlares":true,"showImageEffects":true,"showParticleSystems":true,"showVisualEffectGraphs":true,"m_FxEnabled":true},"in2DMode":false,"pivot":{"x":1.8842031955718995,"y":-47.523372650146487,"z":13.985991477966309},"rotation":{"x":0.002425768645480275,"y":-0.9668582677841187,"z":0.25545451045036318,"w":0.00897289626300335},"size":60.31691360473633,"orthographic":false}