{"cameraMode":{"drawMode":0,"name":"Shaded","section":"Shading Mode"},"sceneLighting":false,"audioPlay":false,"sceneViewState":{"m_AlwaysRefresh":false,"showFog":true,"showSkybox":false,"showFlares":true,"showImageEffects":true,"showParticleSystems":true,"showVisualEffectGraphs":true,"m_FxEnabled":true},"in2DMode":false,"pivot":{"x":-12.835609436035157,"y":-45.656856536865237,"z":38.02434539794922},"rotation":{"x":0.007789246737957001,"y":-0.931347668170929,"z":0.3637102544307709,"w":0.019816773012280465},"size":60.31691360473633,"orthographic":false}